{
  "run_id": "RUN-20260512-151615",
  "strategy_id": "STR-0002",
  "metrics": {
    "initial_value": 1.0,
    "final_value": 0.8640002891077186,
    "total_return_pct": -13.599971089228102,
    "max_drawdown_pct": -26.9351495884544,
    "win_rate_pct": 41.891891891891895,
    "profit_factor": 0.792991438560137,
    "total_trades": 